{
  "threshold": 0.1762078931359456,
  "precision": 0.02772097250624858,
  "recall": 0.8243243243243243,
  "auprc": 0.07860400798781635,
  "mean_error_normal": 0.06428741109259889,
  "mean_error_fraud": 1.5025722907531693
}