{
  "class_weights": {
    "0": 0.5008642347502763,
    "1": 289.7732558139535
  },
  "thresholds": {
    "isolation_forest_class_weights": 0.5779405085939469,
    "autoencoder_class_weights": 1.0623297714779159
  },
  "cost_analysis": {
    "isolation_forest_class_weights_best_cost": 2428.0,
    "cost_assumptions": {
      "fp_cost": 1.0,
      "fn_cost": 25.0
    }
  },
  "results": [
    {
      "model": "IsolationForest",
      "variant": "baseline",
      "precision": 0.08430493273542601,
      "recall": 0.6351351351351351,
      "auprc": 0.11812312686652734,
      "tp": 94,
      "fp": 1021,
      "tn": 84274,
      "fn": 54
    },
    {
      "model": "IsolationForest",
      "variant": "class_weights",
      "precision": 0.10547945205479452,
      "recall": 0.5202702702702703,
      "auprc": 0.137427098368906,
      "tp": 77,
      "fp": 653,
      "tn": 84642,
      "fn": 71
    },
    {
      "model": "Autoencoder",
      "variant": "baseline",
      "precision": 0.02772097250624858,
      "recall": 0.8243243243243243,
      "auprc": 0.07860400798781635,
      "tp": 122,
      "fp": 4279,
      "tn": 81016,
      "fn": 26
    },
    {
      "model": "Autoencoder",
      "variant": "class_weights",
      "precision": 0.00791986955508968,
      "recall": 0.22972972972972974,
      "auprc": 0.005432978628775823,
      "tp": 34,
      "fp": 4259,
      "tn": 81036,
      "fn": 114
    }
  ]
}