{
  "gamma_tested": [
    2.0,
    5.0
  ],
  "alpha": 0.25,
  "results": [
    {
      "model": "BCE baseline",
      "threshold": 0.024773869346733667,
      "precision": 0.512396694214876,
      "recall": 0.8378378378378378,
      "auprc": 0.7858770091757669,
      "cost": 718.0,
      "tp": 124,
      "fp": 118,
      "tn": 85177,
      "fn": 24
    },
    {
      "model": "Weighted BCE",
      "threshold": 0.9456783919597991,
      "precision": 0.6630434782608695,
      "recall": 0.8243243243243243,
      "auprc": 0.686596300987436,
      "cost": 712.0,
      "tp": 122,
      "fp": 62,
      "tn": 85233,
      "fn": 26
    },
    {
      "model": "Focal Loss g2.0",
      "threshold": 0.11834170854271357,
      "precision": 0.5616438356164384,
      "recall": 0.831081081081081,
      "auprc": 0.7434330922112797,
      "cost": 721.0,
      "tp": 123,
      "fp": 96,
      "tn": 85199,
      "fn": 25
    },
    {
      "model": "Focal Loss g5.0",
      "threshold": 0.3005527638190955,
      "precision": 0.5126050420168067,
      "recall": 0.8243243243243243,
      "auprc": 0.7508540510847294,
      "cost": 766.0,
      "tp": 122,
      "fp": 116,
      "tn": 85179,
      "fn": 26
    }
  ]
}