{
  "gamma_tested": [
    2.0,
    5.0
  ],
  "alpha": 0.25,
  "results": [
    {
      "model": "BCE baseline",
      "threshold": 0.04939698492462312,
      "precision": 0.6797752808988764,
      "recall": 0.8175675675675675,
      "auprc": 0.7678734648470031,
      "cost": 732.0,
      "tp": 121,
      "fp": 57,
      "tn": 85238,
      "fn": 27
    },
    {
      "model": "Weighted BCE",
      "threshold": 0.9456783919597991,
      "precision": 0.5801886792452831,
      "recall": 0.831081081081081,
      "auprc": 0.6854326016375968,
      "cost": 714.0,
      "tp": 123,
      "fp": 89,
      "tn": 85206,
      "fn": 25
    },
    {
      "model": "Focal Loss g2.0",
      "threshold": 0.13804020100502515,
      "precision": 0.6298342541436464,
      "recall": 0.7702702702702703,
      "auprc": 0.6518761709007038,
      "cost": 917.0,
      "tp": 114,
      "fp": 67,
      "tn": 85228,
      "fn": 34
    },
    {
      "model": "Focal Loss g5.0",
      "threshold": 0.3497989949748744,
      "precision": 0.5854922279792746,
      "recall": 0.7635135135135135,
      "auprc": 0.643609010375133,
      "cost": 955.0,
      "tp": 113,
      "fp": 80,
      "tn": 85215,
      "fn": 35
    }
  ]
}