{
  "model": "GCN",
  "num_nodes": 8000,
  "num_edges": 51057,
  "graph_stats": {
    "num_nodes": 8000,
    "num_edges": 51057,
    "num_fraud": 492,
    "fraud_rate": 0.0615,
    "avg_degree": 10.22175,
    "max_degree": 28,
    "num_isolated": 646,
    "num_components": 873
  },
  "threshold": 0.5123115577889448,
  "operational_threshold": 0.7181927836496534,
  "precision": 0.18564466105449712,
  "recall": 0.8516260162601627,
  "auprc": 0.47091357223445723,
  "cost": 3663.0,
  "operational_precision": 0.5024875621890548,
  "operational_recall": 0.4105691056910569,
  "operational_cost": 7450.0,
  "comparison_same_nodes": [
    {
      "model": "GNN",
      "threshold": 0.7181927836496534,
      "precision": 0.5024875621890548,
      "recall": 0.4105691056910569,
      "auprc": 0.47091357223445723,
      "cost": 7450.0,
      "tp": 202,
      "fp": 200,
      "tn": 7308,
      "fn": 290
    },
    {
      "model": "IsolationForest",
      "threshold": 0.5646784875427291,
      "precision": 0.7953964194373402,
      "recall": 0.6321138211382114,
      "auprc": 0.7401991475725719,
      "cost": 4605.0,
      "tp": 311,
      "fp": 80,
      "tn": 7428,
      "fn": 181
    },
    {
      "model": "Autoencoder",
      "threshold": 0.1762078931359456,
      "precision": 0.5348837209302325,
      "recall": 0.8414634146341463,
      "auprc": 0.6929354947915786,
      "cost": 2310.0,
      "tp": 414,
      "fp": 360,
      "tn": 7148,
      "fn": 78
    }
  ],
  "gnn_only_cases": {
    "total_gnn_only": 185,
    "fraud_in_gnn_only": 3,
    "normal_in_gnn_only": 182,
    "fraud_rate_gnn_only": 0.016216216216216217,
    "from_train_split": 119,
    "from_test_split": 66,
    "top_gnn_only_node_ids": [
      276142,
      236632,
      68118,
      66468,
      177756,
      55289,
      228479,
      63260,
      233484,
      70817,
      79193,
      107205,
      55300,
      276231,
      115024,
      271592,
      213341,
      1394,
      25151,
      224802
    ]
  },
  "tp": 419,
  "fp": 1838,
  "tn": 5670,
  "fn": 73
}