{
  "model": "GCN",
  "num_nodes": 8900,
  "num_edges": 32000,
  "graph_stats": {
    "num_nodes": 8900,
    "num_edges": 32000,
    "num_fraud": 492,
    "fraud_rate": 0.05528089887640449,
    "avg_degree": 3.595505617977528,
    "max_degree": 50,
    "num_isolated": 0,
    "num_components": 1,
    "num_tx_nodes": 8000,
    "num_account_nodes": 600,
    "num_merchant_nodes": 300,
    "num_tx_fraud": 492,
    "tx_fraud_rate": 0.0615
  },
  "graph_kind": "heterogeneous_tx_account_merchant",
  "graph_metadata": {
    "graph_kind": "heterogeneous_tx_account_merchant",
    "num_transactions": 8000,
    "num_accounts": 600,
    "num_merchants": 300,
    "account_id_source": "pseudo_from_features",
    "merchant_id_source": "pseudo_from_features"
  },
  "threshold": 0.5664824120603016,
  "operational_threshold": 0.6217043297045851,
  "precision": 0.26147077309868005,
  "recall": 0.8455284552845529,
  "auprc": 0.617925751234571,
  "cost": 3075.0,
  "operational_precision": 0.500805152979066,
  "operational_recall": 0.6321138211382114,
  "operational_cost": 4835.0,
  "comparison_same_nodes": [
    {
      "model": "GNN",
      "threshold": 0.6217043297045851,
      "precision": 0.500805152979066,
      "recall": 0.6321138211382114,
      "auprc": 0.617925751234571,
      "cost": 4835.0,
      "tp": 311,
      "fp": 310,
      "tn": 7198,
      "fn": 181
    },
    {
      "model": "IsolationForest",
      "threshold": 0.5646784875427291,
      "precision": 0.7953964194373402,
      "recall": 0.6321138211382114,
      "auprc": 0.7401991475725719,
      "cost": 4605.0,
      "tp": 311,
      "fp": 80,
      "tn": 7428,
      "fn": 181
    },
    {
      "model": "Autoencoder",
      "threshold": 0.1762078931359456,
      "precision": 0.5348837209302325,
      "recall": 0.8414634146341463,
      "auprc": 0.6929354947915786,
      "cost": 2310.0,
      "tp": 414,
      "fp": 360,
      "tn": 7148,
      "fn": 78
    }
  ],
  "gnn_only_cases": {
    "total_gnn_only": 293,
    "fraud_in_gnn_only": 8,
    "normal_in_gnn_only": 285,
    "fraud_rate_gnn_only": 0.027303754266211604,
    "from_train_split": 218,
    "from_test_split": 75,
    "top_gnn_only_node_ids": [
      196630,
      177031,
      186686,
      72798,
      52372,
      94575,
      208595,
      184780,
      133869,
      255489,
      133778,
      275645,
      17475,
      76247,
      243031,
      248553,
      252980,
      83475,
      113714,
      153112
    ]
  },
  "tp": 416,
  "fp": 1175,
  "tn": 6333,
  "fn": 76
}