{
  "cost_optimal": {
    "threshold": 0.5664824120603016,
    "precision": 0.26147077309868005,
    "recall": 0.8455284552845529,
    "cost": 3075.0
  },
  "operational_precision_constrained": {
    "target_precision": 0.5,
    "threshold": 0.6217043297045851,
    "precision": 0.500805152979066,
    "recall": 0.6321138211382114,
    "cost": 4835.0,
    "tp": 311,
    "fp": 310,
    "tn": 7198,
    "fn": 181
  }
}