{
  "precision": 0.20809248554913296,
  "recall": 0.24324324324324326,
  "auprc": 0.11812312686652734
}