,marginal_cov,avg_width,worst_cov,crisis_cov_COVID_2020,crisis_cov_Inflation_2022,var_viol_rate,kupiec_stat,kupiec_p,cc_stat,cc_p,sharpe,max_dd,turnover,pinball,sharpe_COVID_2020,sharpe_Inflation_2022
OnlineCPPS,0.9459541062801932,0.0527209123846785,0.45,0.910394265232975,0.9229390681003584,0.17844202898550723,-376.4406889103433,1.0,25.80799696633767,3.7712271105938555e-07,0.26565682157876136,-0.2343068506875282,0.004834776737085528,0.004798097997558265,-0.02382735699241482,-2.6359483833286372
CPPS,0.7854770531400965,0.03132347254829728,0.1,0.5663082437275986,0.7437275985663082,0.17844202898550723,-376.4406889103433,1.0,25.80799696633767,3.7712271105938555e-07,-0.001213841039123266,-0.2418798111055711,0.02084771281909079,0.0051549751619348536,-0.5975664892507129,-2.408193986506207
Bayesian,0.7664609053497942,0.02482336957367075,0.15,0.5483870967741935,0.6845878136200717,0.13242210464432685,-72.88976789101372,1.0,12.57476191303249,0.00039099105122764044,0.007898398241903512,-0.2730560731470807,0.0007034018359591422,0.0043040277129241696,-0.5386946370267681,-2.7323491681964285
QR,0.7226631393298061,0.02469947718194041,0.1,0.4982078853046595,0.6890681003584229,0.13242210464432685,-72.88976789101372,1.0,12.57476191303249,0.00039099105122764044,0.43028599357603736,-0.22536470739324,0.015132914007952936,0.0046789414613338165,-0.026177010122778507,-2.4463129787478928
AdaptCQR,0.9306290417401529,0.043429982511956865,0.25,0.7222222222222222,0.9274193548387096,0.13242210464432685,-72.88976789101372,1.0,12.57476191303249,0.00039099105122764044,0.2309054977934956,-0.24162392385824938,0.008102187406990972,0.0046789414613338165,-0.20082184684668475,-2.685465658873117
ScoreHybrid,0.9439915458937198,0.05165890757900354,0.25,0.7222222222222222,0.9336917562724014,0.1331521739130435,-74.06313124227671,1.0,11.990832147607762,0.0005346291132625192,-0.060473905894179884,-0.26681661204986507,2.4335954432448633e-19,0.004839600123684488,-0.5558856546443987,-2.8690302117018898
ConfEnsemble,0.919987922705314,0.04022562234838983,0.35,0.7634408602150538,0.8978494623655914,0.042421497584541064,-304.77277964063563,1.0,13.920457111168162,0.00019071147196469962,0.13357144129428036,-0.24553910584076688,0.005223995533006908,0.004755306693092094,-0.27726363595818143,-2.695946587932244
